Image_id,Defect,DT1(Missing_Perforations),DT2(Touching_Perforations),DT3(Out_Of_Bounds)
20260314_070815_054116_combined.jpg,,,,
20260314_070832_054126_combined.jpg,,,,
20260314_070848_054136_combined.jpg,,,,
20260314_070920_054156_combined.jpg,,,,
20260313_000003_035987_combined.jpg,,,,
20260313_000011_035997_combined.jpg,,,,
20260313_000019_036007_combined.jpg,,,,
20260313_000026_036017_combined.jpg,,,,
20260313_000034_036027_combined.jpg,,,,
20260313_000042_036037_combined.jpg,,,,
20260313_000049_036047_combined.jpg,,,,
20260313_000057_036057_combined.jpg,,,,
20260313_000105_036067_combined.jpg,,,,
20260313_000112_036077_combined.jpg,,,,
20260313_000120_036087_combined.jpg,,,,
20260313_000358_036097_combined.jpg,,,,
20260313_000417_036107_combined.jpg,,,,
20260313_000432_036117_combined.jpg,,,,
20260313_000445_036127_combined.jpg,,,,
20260313_000455_036137_combined.jpg,,,,
20260313_000503_036147_combined.jpg,,,,
20260313_000510_036157_combined.jpg,,,,
20260313_000518_036167_combined.jpg,,,,
20260313_000526_036177_combined.jpg,,,,
20260313_000533_036187_combined.jpg,,,,
20260313_000541_036197_combined.jpg,,,,
20260313_000549_036207_combined.jpg,,,,
20260313_000556_036217_combined.jpg,,,,
20260313_000604_036227_combined.jpg,,,,
20260313_000612_036237_combined.jpg,,,,
20260313_000619_036247_combined.jpg,,,,
20260313_000627_036257_combined.jpg,,,,
20260313_000635_036267_combined.jpg,,,,
20260313_000650_036287_combined.jpg,,,,
20260313_000658_036297_combined.jpg,,,,
20260313_000706_036307_combined.jpg,,,,
20260313_000713_036317_combined.jpg,,,,
20260313_000721_036327_combined.jpg,,,,
20260313_000729_036337_combined.jpg,,,,
20260313_000736_036347_combined.jpg,,,,
20260313_000744_036357_combined.jpg,,,,
20260313_000752_036367_combined.jpg,,,,
20260313_000759_036377_combined.jpg,,,,
20260313_000807_036387_combined.jpg,,,,
20260313_000815_036397_combined.jpg,,,,
20260313_000823_036407_combined.jpg,,,,
20260313_000830_036417_combined.jpg,,,,
20260313_000838_036427_combined.jpg,,,,
20260313_000846_036437_combined.jpg,,,,
20260313_000853_036447_combined.jpg,,,,
20260313_000901_036457_combined.jpg,,,,
20260313_000909_036467_combined.jpg,,,,
20260313_000924_036487_combined.jpg,,,,
20260313_000933_036497_combined.jpg,,,,
20260313_001127_036507_combined.jpg,,,,
20260313_001141_036517_combined.jpg,,,,
20260313_001152_036527_combined.jpg,,,,
20260313_001201_036537_combined.jpg,,,,
20260313_001208_036547_combined.jpg,,,,
20260313_001216_036557_combined.jpg,,,,
20260313_001224_036567_combined.jpg,,,,
20260313_001231_036577_combined.jpg,,,,
20260313_001239_036587_combined.jpg,,,,
20260313_001247_036597_combined.jpg,,,,
20260313_001255_036607_combined.jpg,,,,
20260313_001302_036617_combined.jpg,,,,
20260313_001310_036627_combined.jpg,,,,
20260313_001318_036637_combined.jpg,,,,
20260313_001325_036647_combined.jpg,,,,
20260313_001333_036657_combined.jpg,,,,
20260313_001341_036667_combined.jpg,,,,
20260313_001348_036677_combined.jpg,,,,
20260313_001356_036687_combined.jpg,,,,
20260313_001404_036697_combined.jpg,,,,
20260313_001412_036707_combined.jpg,,,,
20260313_001419_036717_combined.jpg,,,,
20260313_001427_036727_combined.jpg,,,,
20260313_001435_036737_combined.jpg,,,,
20260313_001442_036747_combined.jpg,,,,
20260313_001450_036757_combined.jpg,,,,
20260313_001458_036767_combined.jpg,,,,
20260313_001505_036777_combined.jpg,,,,
20260313_001513_036787_combined.jpg,,,,
20260313_001521_036797_combined.jpg,,,,
20260313_001528_036807_combined.jpg,,,,
20260313_001536_036817_combined.jpg,,,,
20260313_001544_036827_combined.jpg,,,,
20260313_001551_036837_combined.jpg,,,,
20260313_001559_036847_combined.jpg,,,,
20260313_001607_036857_combined.jpg,,,,
20260313_001615_036867_combined.jpg,,,,
20260313_001622_036877_combined.jpg,,,,
20260313_001630_036887_combined.jpg,,,,
20260313_001638_036897_combined.jpg,,,,
20260313_001645_036907_combined.jpg,,,,
20260313_001653_036917_combined.jpg,,,,
20260313_001701_036927_combined.jpg,,,,
20260313_001709_036937_combined.jpg,,,,
20260313_001718_036947_combined.jpg,,,,
20260313_001729_036957_combined.jpg,,,,
20260313_010354_036967_combined.jpg,,,,
20260313_010409_036977_combined.jpg,,,,
20260313_010423_036987_combined.jpg,,,,
20260313_010433_036997_combined.jpg,,,,
20260313_010441_037007_combined.jpg,,,,
20260313_010449_037017_combined.jpg,,,,
20260313_010457_037027_combined.jpg,,,,
20260313_010505_037037_combined.jpg,,,,
20260313_010513_037047_combined.jpg,,,,
20260313_010521_037057_combined.jpg,,,,
20260313_010529_037067_combined.jpg,,,,
20260313_010537_037077_combined.jpg,,,,
20260313_010545_037087_combined.jpg,,,,
20260313_010553_037097_combined.jpg,,,,
20260313_010601_037107_combined.jpg,,,,
20260313_010609_037117_combined.jpg,,,,
20260313_010617_037127_combined.jpg,,,,
20260313_010625_037137_combined.jpg,,,,
20260313_010633_037147_combined.jpg,,,,
20260313_010641_037157_combined.jpg,,,,
20260313_010649_037167_combined.jpg,,,,
20260313_010657_037177_combined.jpg,,,,
20260313_010705_037187_combined.jpg,,,,
20260313_010713_037197_combined.jpg,,,,
20260313_010721_037207_combined.jpg,,,,
20260313_010729_037217_combined.jpg,,,,
20260313_010737_037227_combined.jpg,,,,
20260313_010745_037237_combined.jpg,,,,
20260313_010754_037247_combined.jpg,,,,
20260313_010806_037257_combined.jpg,,,,
20260313_010821_037267_combined.jpg,,,,
20260313_010838_037277_combined.jpg,,,,
20260313_010855_037287_combined.jpg,,,,
20260313_010906_037297_combined.jpg,,,,
20260313_010915_037307_combined.jpg,,,,
20260313_010924_037317_combined.jpg,,,,
20260313_010932_037327_combined.jpg,,,,
20260313_010941_037337_combined.jpg,,,,
20260313_010950_037347_combined.jpg,,,,
20260313_010958_037357_combined.jpg,,,,
20260313_011007_037367_combined.jpg,,,,
20260313_011015_037377_combined.jpg,,,,
20260313_011024_037387_combined.jpg,,,,
20260313_011032_037397_combined.jpg,,,,
20260313_011041_037407_combined.jpg,,,,
20260313_011050_037417_combined.jpg,,,,
20260313_011058_037427_combined.jpg,,,,
20260313_011107_037437_combined.jpg,,,,
20260313_011115_037447_combined.jpg,,,,
20260313_011124_037457_combined.jpg,,,,
20260313_011132_037467_combined.jpg,,,,
20260313_011141_037477_combined.jpg,,,,
20260313_011150_037487_combined.jpg,,,,
20260313_011158_037497_combined.jpg,,,,
20260313_011207_037507_combined.jpg,,,,
20260313_011215_037517_combined.jpg,,,,
20260313_011224_037527_combined.jpg,,,,
20260313_011232_037537_combined.jpg,,,,
20260313_011241_037547_combined.jpg,,,,
20260313_011250_037557_combined.jpg,,,,
20260313_011258_037567_combined.jpg,,,,
20260313_011307_037577_combined.jpg,,,,
20260313_011315_037587_combined.jpg,,,,
20260313_011324_037597_combined.jpg,,,,
20260313_011332_037607_combined.jpg,,,,
20260313_011341_037617_combined.jpg,,,,
20260313_011350_037627_combined.jpg,,,,
20260313_011358_037637_combined.jpg,,,,
20260313_011407_037647_combined.jpg,,,,
20260313_011415_037657_combined.jpg,,,,
20260313_011424_037667_combined.jpg,,,,
20260313_011432_037677_combined.jpg,,,,
20260313_011441_037687_combined.jpg,,,,
20260313_011450_037697_combined.jpg,,,,
20260313_011458_037707_combined.jpg,,,,
20260313_011507_037717_combined.jpg,,,,
20260313_011515_037727_combined.jpg,,,,
20260313_011524_037737_combined.jpg,,,,
20260313_011532_037747_combined.jpg,,,,
20260313_011541_037757_combined.jpg,,,,
20260313_011550_037767_combined.jpg,,,,
20260313_011558_037777_combined.jpg,,,,
20260313_011607_037787_combined.jpg,,,,
20260313_011615_037797_combined.jpg,,,,
20260313_013548_037897_combined.jpg,,,,
20260313_013556_037907_combined.jpg,,,,
20260313_013605_037917_combined.jpg,,,,
20260313_013613_037927_combined.jpg,,,,
20260313_013622_037937_combined.jpg,,,,
20260313_013631_037947_combined.jpg,,,,
20260313_013639_037957_combined.jpg,,,,
20260313_013648_037967_combined.jpg,,,,
20260313_013656_037977_combined.jpg,,,,
20260313_013705_037987_combined.jpg,,,,
20260313_013713_037997_combined.jpg,,,,
20260313_013722_038007_combined.jpg,,,,
20260313_013731_038017_combined.jpg,,,,
20260313_013739_038027_combined.jpg,,,,
20260313_013748_038037_combined.jpg,,,,
20260313_013756_038047_combined.jpg,,,,
20260313_013805_038057_combined.jpg,,,,
20260313_013813_038067_combined.jpg,,,,
20260313_013822_038077_combined.jpg,,,,
20260313_013833_038087_combined.jpg,,,,
20260313_015145_038097_combined.jpg,,,,
20260313_015200_038107_combined.jpg,,,,
20260313_015214_038117_combined.jpg,,,,
20260313_015225_038127_combined.jpg,,,,
20260313_015234_038137_combined.jpg,,,,
20260313_015242_038147_combined.jpg,,,,
20260313_015251_038157_combined.jpg,,,,
20260313_015259_038167_combined.jpg,,,,
20260313_015308_038177_combined.jpg,,,,
20260313_015316_038187_combined.jpg,,,,
20260313_015325_038197_combined.jpg,,,,
20260313_015334_038207_combined.jpg,,,,
20260313_015342_038217_combined.jpg,,,,
20260313_015351_038227_combined.jpg,,,,
20260313_015359_038237_combined.jpg,,,,
20260313_015408_038247_combined.jpg,,,,
20260313_015416_038257_combined.jpg,,,,
20260313_015425_038267_combined.jpg,,,,
20260313_015434_038277_combined.jpg,,,,
20260313_015442_038287_combined.jpg,,,,
20260313_015451_038297_combined.jpg,,,,
20260313_015459_038307_combined.jpg,,,,
20260313_015508_038317_combined.jpg,,,,
20260313_015516_038327_combined.jpg,,,,
20260313_015525_038337_combined.jpg,,,,
20260313_015534_038347_combined.jpg,,,,
20260313_015542_038357_combined.jpg,,,,
20260313_015551_038367_combined.jpg,,,,
20260313_015559_038377_combined.jpg,,,,
20260313_015608_038387_combined.jpg,,,,
20260313_015616_038397_combined.jpg,,,,
20260313_015625_038407_combined.jpg,,,,
20260313_015634_038417_combined.jpg,,,,
20260313_015642_038427_combined.jpg,,,,
20260313_015651_038437_combined.jpg,,,,
20260313_015659_038447_combined.jpg,,,,
20260313_015708_038457_combined.jpg,,,,
20260313_015716_038467_combined.jpg,,,,
20260313_015725_038477_combined.jpg,,,,
20260313_015735_038487_combined.jpg,,,,
20260313_020222_038577_combined.jpg,,,,
20260313_020231_038587_combined.jpg,,,,
20260313_020240_038597_combined.jpg,,,,
20260313_020248_038607_combined.jpg,,,,
20260313_020257_038617_combined.jpg,,,,
20260313_020305_038627_combined.jpg,,,,
20260313_020314_038637_combined.jpg,,,,
20260313_020322_038647_combined.jpg,,,,
20260313_020331_038657_combined.jpg,,,,
20260313_020340_038667_combined.jpg,,,,
20260313_020348_038677_combined.jpg,,,,
20260313_020357_038687_combined.jpg,,,,
20260313_020405_038697_combined.jpg,,,,
20260313_020414_038707_combined.jpg,,,,
20260313_020422_038717_combined.jpg,,,,
20260313_020431_038727_combined.jpg,,,,
20260313_020440_038737_combined.jpg,,,,
20260313_020448_038747_combined.jpg,,,,
20260313_020457_038757_combined.jpg,,,,
20260313_020505_038767_combined.jpg,,,,
20260313_022718_038867_combined.jpg,,,,
20260313_022727_038877_combined.jpg,,,,
20260313_022736_038887_combined.jpg,,,,
20260313_022745_038897_combined.jpg,,,,
20260313_022755_038907_combined.jpg,,,,
20260313_022804_038917_combined.jpg,,,,
20260313_022813_038927_combined.jpg,,,,
20260313_022822_038937_combined.jpg,,,,
20260313_022831_038947_combined.jpg,,,,
20260313_022841_038957_combined.jpg,,,,
20260313_022850_038967_combined.jpg,,,,
20260313_022859_038977_combined.jpg,,,,
20260313_022908_038987_combined.jpg,,,,
20260313_022936_039017_combined.jpg,,,,
20260313_023050_039097_combined.jpg,,,,
20260313_023737_039207_combined.jpg,,,,
20260313_023756_039227_combined.jpg,,,,
20260313_023805_039237_combined.jpg,,,,
20260313_023814_039247_combined.jpg,,,,
20260313_024137_039467_combined.jpg,,,,
20260313_024842_039837_combined.jpg,,,,
20260313_194630_053396_combined.jpg,,,,
20260313_192821_052886_combined.jpg,,,,
20260313_193355_052896_combined.jpg,,,,
20260313_193511_052906_combined.jpg,,,,
20260313_193548_052916_combined.jpg,,,,
20260313_193726_052926_combined.jpg,,,,
20260313_191544_052727_combined.jpg,,,,
20260313_071422_045007_combined.jpg,,,,
20260313_071718_045227_combined.jpg,,,,
20260313_071854_045347_combined.jpg,,,,
20260313_072115_045527_combined.jpg,,,,
20260313_072137_045557_combined.jpg,,,,
20260313_072337_045717_combined.jpg,,,,
20260313_072345_045727_combined.jpg,,,,
20260313_121916_045857_combined.jpg,,,,
20260313_135821_046717_combined.jpg,,,,
20260313_135921_046757_combined.jpg,,,,
20260312_122943_001382_combined.jpg,,,,
20260312_123038_001392_combined.jpg,,,,
20260312_123115_001402_combined.jpg,,,,
20260312_123138_001412_combined.jpg,,,,
20260312_123202_001422_combined.jpg,,,,
20260312_123225_001432_combined.jpg,,,,
20260312_123242_001442_combined.jpg,,,,
20260312_123258_001452_combined.jpg,,,,
20260312_123530_001502_combined.jpg,,,,
20260312_123541_001512_combined.jpg,,,,
20260312_123551_001522_combined.jpg,,,,
20260312_123600_001532_combined.jpg,,,,
20260312_123609_001542_combined.jpg,,,,
20260312_123618_001552_combined.jpg,,,,
20260312_123626_001562_combined.jpg,,,,
20260312_123634_001572_combined.jpg,,,,
20260312_123650_001592_combined.jpg,,,,
20260312_123658_001602_combined.jpg,,,,
20260312_123706_001612_combined.jpg,,,,
20260312_123714_001622_combined.jpg,,,,
20260312_123722_001632_combined.jpg,,,,
20260312_123730_001642_combined.jpg,,,,
20260312_123738_001652_combined.jpg,,,,
20260312_123746_001662_combined.jpg,,,,
20260312_123754_001672_combined.jpg,,,,
20260312_123802_001682_combined.jpg,,,,
20260312_123810_001692_combined.jpg,,,,
20260312_123827_001712_combined.jpg,,,,
20260312_123835_001722_combined.jpg,,,,
20260312_123843_001732_combined.jpg,,,,
20260312_123851_001742_combined.jpg,,,,
20260312_123915_001772_combined.jpg,,,,
20260312_123923_001782_combined.jpg,,,,
20260312_123939_001802_combined.jpg,,,,
20260312_123947_001812_combined.jpg,,,,
20260312_123955_001822_combined.jpg,,,,
20260312_124003_001832_combined.jpg,,,,
20260312_124011_001842_combined.jpg,,,,
20260317_141808_000009_combined.jpg,,,,
20260317_141813_000010_combined.jpg,,,,
20260317_141818_000011_combined.jpg,,,,
20260317_141823_000012_combined.jpg,,,,
20260317_141828_000013_combined.jpg,,,,
20260317_141833_000014_combined.jpg,,,,
20260317_141843_000016_combined.jpg,,,,
20260317_141848_000017_combined.jpg,,,,
20260317_141853_000018_combined.jpg,,,,
20260317_141857_000019_combined.jpg,,,,
20260317_141902_000020_combined.jpg,,,,
20260317_141907_000021_combined.jpg,,,,
20260317_141912_000022_combined.jpg,,,,
20260317_141917_000023_combined.jpg,,,,
20260317_141922_000024_combined.jpg,,,,
20260317_141927_000025_combined.jpg,,,,
20260317_141941_000026_combined.jpg,,,,
20260317_142017_000027_combined.jpg,,,,
20260317_142024_000028_combined.jpg,,,,
20260317_142027_000029_combined.jpg,,,,
20260317_142030_000030_combined.jpg,,,,
20260317_142033_000031_combined.jpg,,,,
20260317_142035_000032_combined.jpg,,,,
20260317_142037_000033_combined.jpg,,,,
20260317_142039_000034_combined.jpg,,,,
20260317_142041_000035_combined.jpg,,,,
20260317_142043_000036_combined.jpg,,,,
20260317_142044_000037_combined.jpg,,,,
20260317_142046_000038_combined.jpg,,,,
20260317_142047_000039_combined.jpg,,,,
20260317_142049_000040_combined.jpg,,,,
20260317_142050_000041_combined.jpg,,,,
20260317_142053_000043_combined.jpg,,,,
20260317_142054_000044_combined.jpg,,,,
20260317_142055_000045_combined.jpg,,,,
20260317_142057_000046_combined.jpg,,,,
20260317_142058_000047_combined.jpg,,,,
20260317_142059_000048_combined.jpg,,,,
20260317_144557_001035_combined.jpg,,,,
20260317_144554_001031_combined.jpg,,,,
20260317_144550_001026_combined.jpg,,,,
20260317_144459_000962_combined.jpg,,,,
20260317_144451_000952_combined.jpg,,,,
20260317_144446_000946_combined.jpg,,,,
20260317_144416_000909_combined.jpg,,,,
20260317_143536_000543_combined.jpg,,,,
20260317_143534_000542_combined.jpg,,,,
20260317_143533_000541_combined.jpg,,,,
20260317_143532_000540_combined.jpg,,,,
20260317_143530_000539_combined.jpg,,,,
20260317_143529_000538_combined.jpg,,,,
20260317_143528_000537_combined.jpg,,,,
20260317_143526_000536_combined.jpg,,,,
20260317_142101_000049_combined.jpg,,,,
20260317_142102_000050_combined.jpg,,,,
20260317_142103_000051_combined.jpg,,,,
20260317_142105_000052_combined.jpg,,,,
20260317_142106_000053_combined.jpg,,,,
20260317_142107_000054_combined.jpg,,,,
20260317_142109_000055_combined.jpg,,,,
20260317_142110_000056_combined.jpg,,,,
20260317_142111_000057_combined.jpg,,,,
20260317_142113_000058_combined.jpg,,,,
20260317_142114_000059_combined.jpg,,,,
20260317_142115_000060_combined.jpg,,,,
20260317_142117_000061_combined.jpg,,,,
20260317_142118_000062_combined.jpg,,,,
20260317_142119_000063_combined.jpg,,,,
20260317_142121_000064_combined.jpg,,,,
20260317_142122_000065_combined.jpg,,,,
20260317_142123_000066_combined.jpg,,,,
20260317_142125_000067_combined.jpg,,,,
20260317_142126_000068_combined.jpg,,,,
20260317_142127_000069_combined.jpg,,,,
20260317_142129_000070_combined.jpg,,,,
20260317_142130_000071_combined.jpg,,,,
20260317_142131_000072_combined.jpg,,,,
20260317_142133_000073_combined.jpg,,,,
20260317_142134_000074_combined.jpg,,,,
20260317_142135_000075_combined.jpg,,,,
20260317_142137_000076_combined.jpg,,,,
20260317_142138_000077_combined.jpg,,,,
20260317_142139_000078_combined.jpg,,,,
20260317_142141_000079_combined.jpg,,,,
20260317_142142_000080_combined.jpg,,,,
20260317_142143_000081_combined.jpg,,,,
20260317_142145_000082_combined.jpg,,,,
20260317_142146_000083_combined.jpg,,,,
20260317_142147_000084_combined.jpg,,,,
20260317_142150_000086_combined.jpg,,,,
20260317_142151_000087_combined.jpg,,,,
20260317_142153_000088_combined.jpg,,,,
20260317_142154_000089_combined.jpg,,,,
20260317_142155_000090_combined.jpg,,,,
20260317_142157_000091_combined.jpg,,,,
20260317_142158_000092_combined.jpg,,,,
20260317_142159_000093_combined.jpg,,,,
20260317_142201_000094_combined.jpg,,,,
20260317_142202_000095_combined.jpg,,,,
20260317_142203_000096_combined.jpg,,,,
20260317_142205_000097_combined.jpg,,,,
20260317_142206_000098_combined.jpg,,,,
20260317_142207_000099_combined.jpg,,,,
20260317_142209_000100_combined.jpg,,,,
20260317_142210_000101_combined.jpg,,,,
20260317_142211_000102_combined.jpg,,,,
20260317_142213_000103_combined.jpg,,,,
20260317_142214_000104_combined.jpg,,,,
20260317_142215_000105_combined.jpg,,,,
20260317_142217_000106_combined.jpg,,,,
20260317_142218_000107_combined.jpg,,,,
20260317_142219_000108_combined.jpg,,,,
20260317_142221_000109_combined.jpg,,,,
20260317_142222_000110_combined.jpg,,,,
20260317_142223_000111_combined.jpg,,,,
20260317_142225_000112_combined.jpg,,,,
20260317_142226_000113_combined.jpg,,,,
20260317_142227_000114_combined.jpg,,,,
20260317_142229_000115_combined.jpg,,,,
20260317_142230_000116_combined.jpg,,,,
20260317_142231_000117_combined.jpg,,,,
20260317_142233_000118_combined.jpg,,,,
20260317_142234_000119_combined.jpg,,,,
20260317_142235_000120_combined.jpg,,,,
20260317_142237_000121_combined.jpg,,,,
20260317_142238_000122_combined.jpg,,,,
20260317_142239_000123_combined.jpg,,,,
20260317_142241_000124_combined.jpg,,,,
20260317_142242_000125_combined.jpg,,,,
20260317_142243_000126_combined.jpg,,,,
20260317_142245_000127_combined.jpg,,,,
20260317_142246_000128_combined.jpg,,,,
20260317_142247_000129_combined.jpg,,,,
20260317_142249_000130_combined.jpg,,,,
20260317_142250_000131_combined.jpg,,,,
20260317_142251_000132_combined.jpg,,,,
20260317_142253_000133_combined.jpg,,,,
20260317_142254_000134_combined.jpg,,,,
20260317_142255_000135_combined.jpg,,,,
20260317_142257_000136_combined.jpg,,,,
20260317_142258_000137_combined.jpg,,,,
20260317_142259_000138_combined.jpg,,,,
20260317_142935_000273_combined.jpg,,,,
20260317_142937_000274_combined.jpg,,,,
20260317_142938_000275_combined.jpg,,,,
20260317_142940_000276_combined.jpg,,,,
20260317_142941_000277_combined.jpg,,,,
20260317_142942_000278_combined.jpg,,,,
20260317_142944_000279_combined.jpg,,,,
20260317_142945_000280_combined.jpg,,,,
20260317_142946_000281_combined.jpg,,,,
20260317_142948_000282_combined.jpg,,,,
20260317_142949_000283_combined.jpg,,,,
20260317_142950_000284_combined.jpg,,,,
20260317_142952_000285_combined.jpg,,,,
20260317_142953_000286_combined.jpg,,,,
20260317_142954_000287_combined.jpg,,,,
20260317_142956_000288_combined.jpg,,,,
20260317_142957_000289_combined.jpg,,,,
20260317_142958_000290_combined.jpg,,,,
20260317_143000_000291_combined.jpg,,,,
20260317_143001_000292_combined.jpg,,,,
20260317_143002_000293_combined.jpg,,,,
20260317_143004_000294_combined.jpg,,,,
20260317_143005_000295_combined.jpg,,,,
20260317_143006_000296_combined.jpg,,,,
20260317_143008_000297_combined.jpg,,,,
20260317_143009_000298_combined.jpg,,,,
20260317_143010_000299_combined.jpg,,,,
20260317_143012_000300_combined.jpg,,,,
20260317_143013_000301_combined.jpg,,,,
20260317_143014_000302_combined.jpg,,,,
20260317_143016_000303_combined.jpg,,,,
20260317_143017_000304_combined.jpg,,,,
20260317_143018_000305_combined.jpg,,,,
20260317_143020_000306_combined.jpg,,,,
20260317_143021_000307_combined.jpg,,,,
20260317_143022_000308_combined.jpg,,,,
20260317_143024_000309_combined.jpg,,,,
20260317_143025_000310_combined.jpg,,,,
20260317_143026_000311_combined.jpg,,,,
20260317_143028_000312_combined.jpg,,,,
20260317_143029_000313_combined.jpg,,,,
20260317_143030_000314_combined.jpg,,,,
20260317_143032_000315_combined.jpg,,,,
20260317_143033_000316_combined.jpg,,,,
20260317_143034_000317_combined.jpg,,,,
20260317_143036_000318_combined.jpg,,,,
20260317_143037_000319_combined.jpg,,,,
20260317_143038_000320_combined.jpg,,,,
20260317_143040_000321_combined.jpg,,,,
20260317_143041_000322_combined.jpg,,,,
20260317_143042_000323_combined.jpg,,,,
20260317_143044_000324_combined.jpg,,,,
20260317_143045_000325_combined.jpg,,,,
20260317_143046_000326_combined.jpg,,,,
20260317_143049_000328_combined.jpg,,,,
20260317_143050_000329_combined.jpg,,,,
20260317_143052_000330_combined.jpg,,,,
20260317_143053_000331_combined.jpg,,,,
20260317_143054_000332_combined.jpg,,,,
20260317_143056_000333_combined.jpg,,,,
20260317_143057_000334_combined.jpg,,,,
20260317_143058_000335_combined.jpg,,,,
20260317_143100_000336_combined.jpg,,,,
20260317_143101_000337_combined.jpg,,,,
20260317_143102_000338_combined.jpg,,,,
20260317_143104_000339_combined.jpg,,,,
20260317_143105_000340_combined.jpg,,,,
20260317_143106_000341_combined.jpg,,,,
20260317_143108_000342_combined.jpg,,,,
20260317_143109_000343_combined.jpg,,,,
20260317_143110_000344_combined.jpg,,,,
20260317_143112_000345_combined.jpg,,,,
20260317_143113_000346_combined.jpg,,,,
20260317_143116_000348_combined.jpg,,,,
20260317_143117_000349_combined.jpg,,,,
20260317_143118_000350_combined.jpg,,,,
20260317_143120_000351_combined.jpg,,,,
20260317_143121_000352_combined.jpg,,,,
20260317_143122_000353_combined.jpg,,,,
20260317_143124_000354_combined.jpg,,,,
20260317_143125_000355_combined.jpg,,,,
20260317_143128_000357_combined.jpg,,,,
20260317_143129_000358_combined.jpg,,,,
20260317_143130_000359_combined.jpg,,,,
20260317_143132_000360_combined.jpg,,,,
20260317_143133_000361_combined.jpg,,,,
20260317_143134_000362_combined.jpg,,,,
20260317_143136_000363_combined.jpg,,,,
20260317_143137_000364_combined.jpg,,,,
20260317_143138_000365_combined.jpg,,,,
20260317_143140_000366_combined.jpg,,,,
20260317_143141_000367_combined.jpg,,,,
20260317_143142_000368_combined.jpg,,,,
20260317_143144_000369_combined.jpg,,,,
20260317_143145_000370_combined.jpg,,,,
20260317_143146_000371_combined.jpg,,,,
20260317_143148_000372_combined.jpg,,,,
20260317_143149_000373_combined.jpg,,,,
20260317_143150_000374_combined.jpg,,,,
20260317_143153_000376_combined.jpg,,,,
20260317_143154_000377_combined.jpg,,,,
20260317_143156_000378_combined.jpg,,,,
20260317_143158_000380_combined.jpg,,,,
20260317_143200_000381_combined.jpg,,,,
20260317_143201_000382_combined.jpg,,,,
20260317_142301_000139_combined.jpg,,,,
20260317_142302_000140_combined.jpg,,,,
20260317_142303_000141_combined.jpg,,,,
20260317_142305_000142_combined.jpg,,,,
20260317_142306_000143_combined.jpg,,,,
20260317_142307_000144_combined.jpg,,,,
20260317_142309_000145_combined.jpg,,,,
20260317_142310_000146_combined.jpg,,,,
20260317_142311_000147_combined.jpg,,,,
20260317_142313_000148_combined.jpg,,,,
20260317_142314_000149_combined.jpg,,,,
20260317_142315_000150_combined.jpg,,,,
20260317_142317_000151_combined.jpg,,,,
20260317_142318_000152_combined.jpg,,,,
20260317_142319_000153_combined.jpg,,,,
20260317_142321_000154_combined.jpg,,,,
20260317_142322_000155_combined.jpg,,,,
20260317_142325_000157_combined.jpg,,,,
20260317_142326_000158_combined.jpg,,,,
20260317_142327_000159_combined.jpg,,,,
20260317_142329_000160_combined.jpg,,,,
20260317_142330_000161_combined.jpg,,,,
20260317_142331_000162_combined.jpg,,,,
20260317_142333_000163_combined.jpg,,,,
20260317_142334_000164_combined.jpg,,,,
20260317_142335_000165_combined.jpg,,,,
20260317_142337_000166_combined.jpg,,,,
20260317_142338_000167_combined.jpg,,,,
20260317_142339_000168_combined.jpg,,,,
20260317_142341_000169_combined.jpg,,,,
20260317_142342_000170_combined.jpg,,,,
20260317_142343_000171_combined.jpg,,,,
20260317_142345_000172_combined.jpg,,,,
20260317_142346_000173_combined.jpg,,,,
20260317_142347_000174_combined.jpg,,,,
20260317_142349_000175_combined.jpg,,,,
20260317_142350_000176_combined.jpg,,,,
20260317_142351_000177_combined.jpg,,,,
20260317_142353_000178_combined.jpg,,,,
20260317_142354_000179_combined.jpg,,,,
20260317_142355_000180_combined.jpg,,,,
20260317_143202_000383_combined.jpg,,,,
20260317_143204_000384_combined.jpg,,,,
20260317_143205_000385_combined.jpg,,,,
20260317_143206_000386_combined.jpg,,,,
20260317_143208_000387_combined.jpg,,,,
20260317_143209_000388_combined.jpg,,,,
20260317_143210_000389_combined.jpg,,,,
20260317_143212_000390_combined.jpg,,,,
20260317_143213_000391_combined.jpg,,,,
20260317_143214_000392_combined.jpg,,,,
20260317_143216_000393_combined.jpg,,,,
20260317_143217_000394_combined.jpg,,,,
20260317_143218_000395_combined.jpg,,,,
20260317_143220_000396_combined.jpg,,,,
20260317_143221_000397_combined.jpg,,,,
20260317_143224_000399_combined.jpg,,,,
20260317_143225_000400_combined.jpg,,,,
20260312_124019_001852_combined.jpg,,,,
20260312_124027_001862_combined.jpg,,,,
20260312_124035_001872_combined.jpg,,,,
20260312_124043_001882_combined.jpg,,,,
20260312_124051_001892_combined.jpg,,,,
20260312_124059_001902_combined.jpg,,,,
20260312_124107_001912_combined.jpg,,,,
20260312_124115_001922_combined.jpg,,,,
20260312_124123_001932_combined.jpg,,,,
20260312_124131_001942_combined.jpg,,,,
20260312_124139_001952_combined.jpg,,,,
20260312_124147_001962_combined.jpg,,,,
20260312_124155_001972_combined.jpg,,,,
20260312_124203_001982_combined.jpg,,,,
20260312_124211_001992_combined.jpg,,,,
20260312_124219_002002_combined.jpg,,,,
20260312_124227_002012_combined.jpg,,,,
20260312_124235_002022_combined.jpg,,,,
20260312_124243_002032_combined.jpg,,,,
20260312_124251_002042_combined.jpg,,,,
20260312_124259_002052_combined.jpg,,,,
20260312_124307_002062_combined.jpg,,,,
20260312_124315_002072_combined.jpg,,,,
20260312_124323_002082_combined.jpg,,,,
20260312_124331_002092_combined.jpg,,,,
20260312_124339_002102_combined.jpg,,,,
20260312_124347_002112_combined.jpg,,,,
20260312_124355_002122_combined.jpg,,,,
20260312_124402_002132_combined.jpg,,,,
20260312_124410_002142_combined.jpg,,,,
20260312_124417_002152_combined.jpg,,,,
20260312_124425_002162_combined.jpg,,,,
20260312_124432_002172_combined.jpg,,,,
20260312_124439_002182_combined.jpg,,,,
20260312_124446_002192_combined.jpg,,,,
20260312_124453_002202_combined.jpg,,,,
20260312_124501_002212_combined.jpg,,,,
20260312_124508_002222_combined.jpg,,,,
20260312_124515_002232_combined.jpg,,,,
20260312_124522_002242_combined.jpg,,,,
20260312_124530_002252_combined.jpg,,,,
20260312_124537_002262_combined.jpg,,,,
20260312_124544_002272_combined.jpg,,,,
20260312_124551_002282_combined.jpg,,,,
20260312_124559_002292_combined.jpg,,,,
20260312_124606_002302_combined.jpg,,,,
20260312_124613_002312_combined.jpg,,,,
20260312_124620_002322_combined.jpg,,,,
20260312_124627_002332_combined.jpg,,,,
20260312_124635_002342_combined.jpg,,,,
20260312_124642_002352_combined.jpg,,,,
20260312_124649_002362_combined.jpg,,,,
20260312_124656_002372_combined.jpg,,,,
20260312_124704_002382_combined.jpg,,,,
20260312_124711_002392_combined.jpg,,,,
20260317_144606_001046_combined.jpg,,,,
20260317_144607_001047_combined.jpg,,,,
20260317_144608_001048_combined.jpg,,,,
20260317_144609_001049_combined.jpg,,,,
20260317_144610_001050_combined.jpg,,,,
20260317_144611_001051_combined.jpg,,,,
20260317_144612_001052_combined.jpg,,,,
20260317_144613_001053_combined.jpg,,,,
20260317_144614_001054_combined.jpg,,,,
20260317_144615_001055_combined.jpg,,,,
